{"pred_0":{"0":2661.9523566364,"1":1851.7682213928,"2":3755.2421646322,"3":4887.4912583273,"4":1048.5434948301,"5":8229.2980768559},"pred_1":{"0":2711.1525522437,"1":1879.7448987256,"2":3686.9761033027,"3":4963.5216177371,"4":1028.0791279396,"5":8106.549210279},"pred_2":{"0":2670.6193035587,"1":1856.5525036158,"2":3710.5287516995,"3":5010.0155637055,"4":1006.8452786138,"5":8403.769659721},"pred_3":{"0":2761.1406130466,"1":1870.8193542275,"2":3809.4587922776,"3":5103.0950319741,"4":1020.5305984013,"5":8476.6859404924}}