{"pred_0":{"3":1904.5123944852,"4":867.0540840321,"5":3602.7368065126,"6":2576.4044557301,"7":1366.0131025623},"pred_1":{"3":1905.7753922814,"4":907.3519122906,"5":3631.3916435503,"6":2565.7933694896,"7":1345.8350748697},"pred_2":{"3":1889.635888017,"4":843.4632516485,"5":3648.8054458803,"6":2603.5315916618,"7":1341.4048690849},"pred_3":{"3":1935.8147383758,"4":882.30055743,"5":3681.1090450519,"6":2639.4115777989,"7":1375.7266027042}}