{"pred_0":{"0":7431.3695104055,"1":5371.4498011365,"2":2369.5147435865,"3":3580.4589290768,"4":1564.1858071761,"5":1037.7803741012},"pred_1":{"0":7601.5668190824,"1":5402.4431003971,"2":2375.3515949935,"3":3598.4697978133,"4":1563.9063385935,"5":996.1413831496},"pred_2":{"0":7781.1428233301,"1":5442.4539682858,"2":2399.9417679304,"3":3630.0721344899,"4":1573.1772795054,"5":993.1797903624},"pred_3":{"0":7900.6786555819,"1":5527.1299533623,"2":2466.6791407692,"3":3691.5948829923,"4":1588.9017435476,"5":972.4253087456}}