{"pred_0":{"0":3491.4084045395,"1":1404.8860427486,"2":5293.1105094322,"3":816.4600254947,"4":7684.552657246,"5":2230.7248298755},"pred_1":{"0":3491.2857459412,"1":1386.0424022479,"2":5325.3204345614,"3":838.4833658373,"4":7706.8239471279,"5":2224.5806209546},"pred_2":{"0":3589.2223511834,"1":1419.4911545523,"2":5313.9556609383,"3":806.4211621404,"4":7896.5530354934,"5":2240.0975106028},"pred_3":{"0":3585.8214953595,"1":1453.1385884983,"2":5384.8245938091,"3":798.714621037,"4":8037.8871417773,"5":2277.488979046}}